Parametros,Valor
$\mu$,3.353e-05
$\gamma$,0.03825458737054216
$lpha$,0.7765200550811839
$	heta$,0.41445355191256766
$eta_1$,0.19999999999999998
$eta_2$,0.19999999999999998
$eta_3$,0.06699999999999999
$s_0$,0.9998825969408854
$i_0$,0.0001174030591145625
