Parametros,Valor
mu,3.353e-05
gamma,0.03825458737054216
alpha,0.7765200550811839
theta,0.41445355191256766
beta1,0.19999999999999998
beta2,0.19999999999999998
beta3,0.06699999999999999
s0,0.9998825969408854
i0,0.0001174030591145625
