Parametros,Valor
mu,3.353e-05
gamma,0.038254587322633773
alpha,0.7765200552095202
theta,0.41445355191256766
beta1,0.19999999999999998
beta2,0.19999999999999998
beta3,0.06699999999999999
s0,0.9998825969422156
i0,0.0001174030577844043
