Parametros,Valor
$\mu$,2.693e-05
$\gamma$,0.09999999999999877
$lpha$,0.7759850807127194
$	heta$,0.4153551912568307
$eta_1$,0.19999999999999998
$eta_2$,0.19999999999999998
$eta_3$,0.04784713578238574
$s_0$,0.9997542082570838
$i_0$,0.00024579174291616823
