Parametros,Valor
$\mu$,3.595e-05
$\gamma$,0.0327736076001834
$\alpha$,0.8116557823338497
$\theta$,0.4446027397260271
$\beta_1$,0.19999999999999998
$\beta_2$,0.199999999999999
$\beta_3$,0.05879165870373306
$s_0$,0.9997996785109381
$i_0$,0.0002003214890619054
