Parametros,Valor
$\mu$,3.595e-05
$\gamma$,0.03277360861391039
$\alpha$,0.8116557827333639
$\theta$,0.4446027397260271
$\beta_1$,0.19999999999999998
$\beta_2$,0.19999999999999904
$\beta_3$,0.058791660415899685
$s_0$,0.9997996785116412
$i_0$,0.00020032148835880115
