mu,gamma,alpha,beta1,beta2,beta3,s0,i0
2e-05,0.02769173258208149,0.6698685491580665,0.14285714285714196,0.18188395710157543,0.06666666666666665,0.9997857652234688,0.00021423477653115253
